"seqnames","start","end","width","strand","component","qvalue","enrichment"
"chr21",43939251,43939500,250,"*",1,4.69835268596494e-140,1.37891274291884
"chr21",43646751,43647000,250,"*",1,2.51982271084371e-137,1.42361228745739
"chr21",43810751,43811000,250,"*",1,1.86387879701739e-121,1.30519219826751
"chr21",43939001,43939250,250,"*",1,2.10802426018571e-121,1.19820378405189
"chr21",37712251,37712500,250,"*",1,6.35663833948283e-118,1.70989537864878
"chr21",36028501,36028750,250,"*",1,2.16901173038105e-115,1.3726957151257
"chr21",25801501,25801750,250,"*",1,1.93279292093751e-113,1.53309285950636
"chr21",36141501,36141750,250,"*",1,1.90308115484854e-112,1.444561892839
"chr21",45556001,45556250,250,"*",1,1.12206388415789e-107,1.25131513377669
"chr21",15483251,15483500,250,"*",1,7.42993797621497e-107,1.3004570953035
"chr21",43789251,43789500,250,"*",1,6.14911272674918e-102,1.25536926140411
"chr21",42450001,42450250,250,"*",1,7.36508156590235e-101,1.14120893343759
"chr21",38734001,38734250,250,"*",1,5.61139668765535e-100,1.33127994263261
"chr21",42309751,42310000,250,"*",1,2.58047831503147e-97,1.25253099569386
"chr21",33924001,33924250,250,"*",1,4.91436217269687e-97,1.35145158456116
"chr21",36977001,36977250,250,"*",1,5.2808395991843e-97,1.2730806120686
"chr21",43789501,43789750,250,"*",1,8.68367382750657e-97,1.51132503027539
"chr21",41283251,41283500,250,"*",1,8.88125408920659e-97,1.43952339033414
"chr21",42145501,42145750,250,"*",1,2.92059699888612e-96,1.21988991552795
"chr21",45292501,45292750,250,"*",1,1.31003860801579e-95,1.20893837409396
"chr21",25608251,25608500,250,"*",1,1.74376338516926e-95,1.25738209298589
"chr21",38356001,38356250,250,"*",1,4.63699717479296e-95,1.53428760572233
"chr21",44297751,44298000,250,"*",1,1.33204519755188e-94,1.18060814813501
"chr21",36420001,36420250,250,"*",1,1.39174761735249e-94,1.32889667839501
"chr21",42117501,42117750,250,"*",1,3.77788884496534e-94,1.23263617437654
"chr21",34745501,34745750,250,"*",1,3.50818376684516e-93,1.42808464074155
"chr21",37675251,37675500,250,"*",1,2.76432936503682e-91,1.46760620330082
"chr21",26170751,26171000,250,"*",1,6.22820933081255e-91,1.67626216821957
"chr21",44932751,44933000,250,"*",1,1.53707401656568e-90,1.38064398685755
"chr21",45555001,45555250,250,"*",1,2.11483850866468e-90,1.49050185734484
"chr21",45596751,45597000,250,"*",1,9.14926740824226e-86,1.40396249168828
"chr21",37010001,37010250,250,"*",1,1.64261609723014e-85,1.30028516545462
"chr21",43975501,43975750,250,"*",1,1.85616657091036e-84,1.31137199778757
"chr21",32258501,32258750,250,"*",1,3.47879650528637e-84,1.86787314599349
"chr21",29849751,29850000,250,"*",1,7.32523083545643e-84,1.44258151661106
"chr21",44949751,44950000,250,"*",1,1.37318602257128e-83,1.30831672854573
"chr21",45439501,45439750,250,"*",1,1.37318602257128e-83,1.30831672854573
"chr21",42164501,42164750,250,"*",1,9.16184527152951e-82,1.30212119222185
"chr21",33361251,33361500,250,"*",1,5.0969743017133e-81,1.15510596743817
"chr21",44892751,44893000,250,"*",1,9.63452806271843e-79,1.32321493899744
"chr21",44510501,44510750,250,"*",1,2.32972194502681e-77,1.4190357766099
"chr21",42593251,42593500,250,"*",1,2.09045388803202e-76,1.44097096914461
"chr21",45970751,45971000,250,"*",1,2.09045388803202e-76,1.50056058533743
"chr21",45128751,45129000,250,"*",1,6.50177621019684e-75,1.13428279450761
"chr21",14864751,14865000,250,"*",1,3.28863253150151e-74,1.18791622646294
"chr21",36927751,36928000,250,"*",1,3.32784529336413e-74,1.30639995284796
"chr21",34890001,34890250,250,"*",1,1.18925430262027e-73,1.52485302267592
"chr21",36422251,36422500,250,"*",1,8.16464292170552e-72,1.26582919197201
"chr21",34510501,34510750,250,"*",1,9.0809217405629e-72,1.42268521455565
"chr21",25607501,25607750,250,"*",1,1.18098450867276e-71,1.2803639161674
"chr21",42258751,42259000,250,"*",1,1.35991812497481e-71,1.17812386699089
"chr21",36112751,36113000,250,"*",1,3.92650826181701e-71,1.24871427033675
"chr21",32601001,32601250,250,"*",1,5.75882887365053e-70,1.54964678876002
"chr21",45140501,45140750,250,"*",1,2.4401547668523e-69,1.19132840890512
"chr21",25881751,25882000,250,"*",1,2.84963957786327e-69,1.34234138522296
"chr21",39138251,39138500,250,"*",1,8.58298557418431e-69,1.2850386595842
"chr21",32772001,32772250,250,"*",1,1.10989918507189e-68,1.0010024177124
"chr21",38352751,38353000,250,"*",1,1.68309366047246e-68,1.31934205390042
"chr21",45820501,45820750,250,"*",1,3.59916730781894e-67,1.26227592936793
"chr21",28745751,28746000,250,"*",1,3.98906661616562e-67,1.43106400999131
"chr21",25801751,25802000,250,"*",1,5.28467136879822e-67,1.27760400549197
"chr21",41816751,41817000,250,"*",1,5.23900004567314e-66,1.21453797171728
"chr21",34351751,34352000,250,"*",1,8.44863461595381e-66,1.2271231420263
"chr21",45820751,45821000,250,"*",1,8.44863461595381e-66,1.2271231420263
"chr21",31086501,31086750,250,"*",1,9.95885077698629e-65,1.32299815143613
"chr21",25421751,25422000,250,"*",1,1.45443653716618e-64,1.02449138215359
"chr21",38170251,38170500,250,"*",1,2.02041706705233e-64,1.39117541722726
"chr21",34603001,34603250,250,"*",1,1.34994559170818e-63,1.19157719627294
"chr21",34348001,34348250,250,"*",1,3.78304024988484e-62,1.29193713421548
"chr21",45137251,45137500,250,"*",1,7.33278758011611e-62,1.33137358388912
"chr21",34362001,34362250,250,"*",1,6.09539946340405e-61,1.18010595739397
"chr21",31580751,31581000,250,"*",1,6.51696826563461e-61,1.23518815573773
"chr21",36504251,36504500,250,"*",1,8.20019650140757e-60,1.18776008383822
"chr21",33199751,33200000,250,"*",1,1.18501809589088e-58,1.0326747575067
"chr21",17925001,17925250,250,"*",1,5.82723565200323e-58,1.36093815081032
"chr21",28745251,28745500,250,"*",1,5.82723565200323e-58,1.36093815081032
"chr21",45973751,45974000,250,"*",1,5.06410379836788e-56,1.18351135952822
"chr21",38126751,38127000,250,"*",1,4.3113367659463e-55,1.37407640102547
"chr21",39126001,39126250,250,"*",1,4.3113367659463e-55,1.37407640102547
"chr21",41460751,41461000,250,"*",1,9.90585541211285e-55,1.27604267795939
"chr21",28745001,28745250,250,"*",1,2.05326095134582e-54,1.31811458598424
"chr21",32826751,32827000,250,"*",1,2.74857896875245e-54,1.34234780986465
"chr21",39388751,39389000,250,"*",1,3.19446216898392e-54,1.10429920425197
"chr21",34361751,34362000,250,"*",1,4.99760094359286e-54,1.18767464897039
"chr21",29476501,29476750,250,"*",1,1.15648817262169e-53,1.15865103740826
"chr21",36331001,36331250,250,"*",1,2.40290801953132e-53,1.13260419793955
"chr21",46147501,46147750,250,"*",1,4.04916611441787e-53,1.51383887191122
"chr21",46143501,46143750,250,"*",1,5.98742625119527e-53,1.26674930081278
"chr21",46661251,46661500,250,"*",1,2.34726382646533e-52,1.35942273177355
"chr21",32569751,32570000,250,"*",1,6.36536679996552e-52,1.14984680460727
"chr21",42833501,42833750,250,"*",1,1.94322776121597e-51,1.3543919941106
"chr21",33127501,33127750,250,"*",1,2.13447464428817e-51,1.17420137849296
"chr21",35400501,35400750,250,"*",1,2.99198222588854e-51,1.50321778740903
"chr21",32940501,32940750,250,"*",1,1.58927873100502e-50,1.34928445539841
"chr21",41816501,41816750,250,"*",1,2.79163204651666e-50,1.07475502648589
"chr21",45478251,45478500,250,"*",1,3.43804876367504e-50,1.14080461036149
"chr21",45478001,45478250,250,"*",1,4.9935966230947e-50,1.19726660080097
"chr21",33197001,33197250,250,"*",1,4.31466391162756e-49,1.03293499689956
"chr21",34202001,34202250,250,"*",1,7.79662847813474e-49,1.31236914312988
"chr21",38219001,38219250,250,"*",1,1.82290970033968e-48,1.24231957361708
"chr21",36125501,36125750,250,"*",1,1.84354178176189e-48,1.13151123321488
"chr21",44911751,44912000,250,"*",1,1.84354178176189e-48,1.44109008478306
"chr21",39388501,39388750,250,"*",1,5.96672012358491e-48,1.08260527979747
"chr21",36630751,36631000,250,"*",1,6.16140099338351e-48,1.3071007457774
"chr21",31604751,31605000,250,"*",1,8.34626149442584e-48,1.21932024229454
"chr21",41817251,41817500,250,"*",1,8.34626149442584e-48,1.21932024229454
"chr21",34630501,34630750,250,"*",1,1.18786599252476e-47,1.16850308964391
"chr21",44793251,44793500,250,"*",1,1.89169059908576e-47,1.02424510877541
"chr21",36939501,36939750,250,"*",1,3.738569402387e-47,1.19780077639189
"chr21",38159251,38159500,250,"*",1,8.88962350712214e-47,1.16354687751998
"chr21",36990001,36990250,250,"*",1,8.92003818586817e-47,1.35756315433613
"chr21",41069001,41069250,250,"*",1,1.27263202631954e-46,1.52958611778441
"chr21",33605751,33606000,250,"*",1,6.0012261923596e-46,1.08219505685813
"chr21",36589501,36589750,250,"*",1,1.36417991482152e-45,1.12839409017835
"chr21",37221251,37221500,250,"*",1,1.7317981704398e-45,0.956242965892359
"chr21",45880501,45880750,250,"*",1,2.06722834698258e-45,1.26732979647825
"chr21",25882001,25882250,250,"*",1,2.57736417226041e-45,1.14047827415066
"chr21",29298751,29299000,250,"*",1,3.06329271258271e-45,1.29077871485352
"chr21",31098751,31099000,250,"*",1,3.64200831478679e-45,1.20375758512217
"chr21",36543001,36543250,250,"*",1,3.64200831478679e-45,1.20375758512217
"chr21",38356251,38356500,250,"*",1,8.85401142174438e-45,1.41800967312118
"chr21",31098501,31098750,250,"*",1,9.4748076562604e-45,1.12336335251539
"chr21",45152251,45152500,250,"*",1,9.4748076562604e-45,1.12336335251539
"chr21",25639751,25640000,250,"*",1,1.56417155690346e-44,1.18223811921952
"chr21",28517001,28517250,250,"*",1,6.16408790137777e-44,1.37364632427282
"chr21",17679001,17679250,250,"*",1,2.63358243501055e-43,1.14295348268465
"chr21",33894751,33895000,250,"*",1,2.82390821407525e-43,1.30534797607336
"chr21",42107751,42108000,250,"*",1,8.89520452944059e-43,1.08644784595487
"chr21",35840251,35840500,250,"*",1,9.02350115636245e-43,1.1714457140816
"chr21",14120251,14120500,250,"*",1,1.81238651394556e-42,1.09678724619929
"chr21",31866001,31866250,250,"*",1,2.26597091578229e-42,1.29942689435246
"chr21",41862001,41862250,250,"*",1,3.63698253301156e-42,1.1512271315758
"chr21",33445251,33445500,250,"*",1,3.48778653508656e-41,0.965877975733117
"chr21",44305001,44305250,250,"*",1,3.72179448817817e-41,1.21797341897243
"chr21",42924001,42924250,250,"*",1,4.36299678009441e-41,1.02318549509681
"chr21",34510751,34511000,250,"*",1,5.00671879334324e-41,1.43788072892426
"chr21",37642501,37642750,250,"*",1,9.50972012421891e-41,1.26167054117775
"chr21",41610501,41610750,250,"*",1,9.50972012421891e-41,1.26167054117775
"chr21",46153251,46153500,250,"*",1,9.50972012421891e-41,1.26167054117775
"chr21",15826251,15826500,250,"*",1,1.01651272690781e-40,1.12663145176077
"chr21",41069251,41069500,250,"*",1,2.01563819578863e-40,2.96857378305552
"chr21",34693251,34693500,250,"*",1,3.04542360083043e-40,1.07064004034498
"chr21",46285751,46286000,250,"*",1,6.40550770179281e-40,1.08072644370889
"chr21",45140251,45140500,250,"*",1,2.73012574929798e-39,1.10297103045606
"chr21",42258501,42258750,250,"*",1,5.69807945053709e-39,1.00074701154524
"chr21",29372501,29372750,250,"*",1,8.80838814955012e-39,0.951224306481197
"chr21",42537501,42537750,250,"*",1,2.13702837983583e-38,0.9561657602475
"chr21",41778251,41778500,250,"*",1,3.01474774164249e-38,1.41760013696306
"chr21",38219251,38219500,250,"*",1,3.89350394770318e-38,1.15832738052252
"chr21",42381501,42381750,250,"*",1,4.6537711571247e-38,1.24290691141611
"chr21",33127251,33127500,250,"*",1,6.71950362425637e-38,1.08013744642158
"chr21",41369501,41369750,250,"*",1,1.3957063707669e-37,1.09143425611342
"chr21",31786001,31786250,250,"*",1,5.41681269118226e-37,1.16893526836344
"chr21",36113001,36113250,250,"*",1,9.77292261944601e-37,1.187260945476
"chr21",46229001,46229250,250,"*",1,1.72702993744358e-36,1.35939887330243
"chr21",39518501,39518750,250,"*",1,7.21339325482887e-36,1.07948541237864
"chr21",39441501,39441750,250,"*",1,8.343302500932e-36,1.12441647113825
"chr21",37009751,37010000,250,"*",1,8.85840056155842e-36,0.998279946279883
"chr21",43612001,43612250,250,"*",1,3.70836519305064e-35,1.24785899934255
"chr21",44793501,44793750,250,"*",1,4.69411830336841e-35,1.01346663190602
"chr21",34801501,34801750,250,"*",1,5.64321003752252e-35,1.17414049805044
"chr21",37700751,37701000,250,"*",1,1.19465692020139e-34,1.13306783948769
"chr21",32258251,32258500,250,"*",1,1.75831761059014e-34,1.44122031956881
"chr21",36209751,36210000,250,"*",1,2.17908812098681e-34,1.09782570235243
"chr21",45099001,45099250,250,"*",1,4.25280844155111e-34,1.16738214016701
"chr21",36990251,36990500,250,"*",1,8.76766885473459e-34,1.12644330333532
"chr21",43811001,43811250,250,"*",1,1.61737761939656e-33,1.02442416582434
"chr21",33374751,33375000,250,"*",1,6.99095678128227e-33,0.968220395338674
"chr21",45556251,45556500,250,"*",1,7.65503539720997e-33,0.950278446437211
"chr21",36542751,36543000,250,"*",1,1.76085580263525e-32,1.05422587134381
"chr21",23968751,23969000,250,"*",1,1.78081737804775e-32,1.22626927105486
"chr21",20999751,21000000,250,"*",1,4.51056588379732e-32,1.28528052605722
"chr21",46229251,46229500,250,"*",1,6.54346424555691e-32,1.3217724381362
"chr21",29499751,29500000,250,"*",1,8.79522919459588e-32,1.36486969645165
"chr21",30044501,30044750,250,"*",1,1.07602848712397e-31,1.41702765184814
"chr21",33606001,33606250,250,"*",1,1.65018240589043e-31,1.09126778162385
"chr21",41612751,41613000,250,"*",1,1.65018240589043e-31,1.09126778162385
"chr21",36977251,36977500,250,"*",1,3.75384522646241e-31,1.03048641355617
"chr21",17387001,17387250,250,"*",1,1.42094995463054e-30,0.990465532188822
"chr21",39518251,39518500,250,"*",1,2.58119074276098e-30,1.02372805567273
"chr21",41134001,41134250,250,"*",1,2.874303837726e-30,1.2693479887515
"chr21",34603251,34603500,250,"*",1,4.9796849873649e-30,1.11419685056135
"chr21",29376751,29377000,250,"*",1,6.00522808360105e-30,1.34814032824333
"chr21",34582751,34583000,250,"*",1,8.24942743171433e-30,1.20318965936749
"chr21",43645501,43645750,250,"*",1,1.26749066779354e-29,1.04494024028015
"chr21",25608501,25608750,250,"*",1,2.89266457458332e-29,0.914615970136027
"chr21",29376501,29376750,250,"*",1,6.3803655549946e-29,1.19512855883114
"chr21",14864501,14864750,250,"*",1,7.24023355993539e-29,0.919565972940787
"chr21",37166751,37167000,250,"*",1,8.7331217754194e-29,1.03774588323298
"chr21",44893001,44893250,250,"*",1,1.40189938294606e-28,1.14248252404543
"chr21",45137001,45137250,250,"*",1,1.62997063038603e-28,0.962875353100595
"chr21",32653251,32653500,250,"*",1,2.64295959291106e-28,1.16339996767032
"chr21",42108001,42108250,250,"*",1,3.33095377170193e-28,0.993505606442301
"chr21",45128501,45128750,250,"*",1,4.15215813094113e-28,0.897292242422015
"chr21",30831251,30831500,250,"*",1,6.29721727936233e-28,1.44614677733821
"chr21",34243751,34244000,250,"*",1,8.4106161868176e-28,1.21345503894461
"chr21",29164501,29164750,250,"*",1,1.02356940772068e-27,1.13442142350908
"chr21",33924251,33924500,250,"*",1,1.0276647804637e-27,0.955977655175208
"chr21",34630751,34631000,250,"*",1,1.03826815036905e-27,0.901747872582823
"chr21",31604501,31604750,250,"*",1,1.2960370690245e-27,1.04194178905924
"chr21",36854501,36854750,250,"*",1,1.93740310254542e-27,1.15513983725537
"chr21",38505751,38506000,250,"*",1,3.71225909057128e-27,1.10775400173021
"chr21",42337751,42338000,250,"*",1,3.71225909057128e-27,1.10775400173021
"chr21",25386001,25386250,250,"*",1,6.56673990625737e-27,0.911405974522468
"chr21",45152501,45152750,250,"*",1,6.56673990625737e-27,0.911405974522468
"chr21",27701001,27701250,250,"*",1,1.08250680844178e-26,1.23500850251126
"chr21",14773751,14774000,250,"*",1,6.13565970177566e-26,1.02637985914298
"chr21",29196251,29196500,250,"*",1,7.11387933213307e-26,0.783042595681105
"chr21",24896251,24896500,250,"*",1,7.79472249309051e-26,0.997147376176924
"chr21",34367501,34367750,250,"*",1,8.49716744915934e-26,1.22584319415561
"chr21",41121751,41122000,250,"*",1,1.06968570488345e-25,1.13798139148349
"chr21",38352501,38352750,250,"*",1,1.3527125082171e-25,1.03853734111244
"chr21",43918251,43918500,250,"*",1,1.78820629371888e-25,1.00731380511391
"chr21",29348501,29348750,250,"*",1,2.17724479836517e-25,0.881467280621625
"chr21",25708501,25708750,250,"*",1,2.53462652295247e-25,0.934387926887522
"chr21",44932501,44932750,250,"*",1,2.95641325899293e-25,1.35267685021425
"chr21",42338001,42338250,250,"*",1,3.70047936012042e-25,1.18667961255704
"chr21",37582751,37583000,250,"*",1,6.51792456153209e-25,1.2164197182594
"chr21",44950001,44950250,250,"*",1,9.17073545054375e-25,1.03027721069749
"chr21",37582501,37582750,250,"*",1,1.08266345978234e-24,1.25108645699522
"chr21",31581001,31581250,250,"*",1,1.49754858954618e-24,1.15162376423525
"chr21",44012501,44012750,250,"*",1,1.49754858954618e-24,1.15162376423525
"chr21",39867251,39867500,250,"*",1,3.14127511691095e-24,1.40555074199219
"chr21",31866251,31866500,250,"*",1,5.70759988285631e-24,1.11989517307443
"chr21",43611751,43612000,250,"*",1,6.20811894201785e-24,1.02180797290412
"chr21",26716001,26716250,250,"*",1,2.00949812346563e-23,1.33176347642497
"chr21",41170501,41170750,250,"*",1,2.02769340673309e-23,1.09091662891319
"chr21",32403251,32403500,250,"*",1,2.12339649365415e-23,1.1675595265483
"chr21",14864251,14864500,250,"*",1,2.14356950079041e-23,0.972954708456256
"chr21",32653501,32653750,250,"*",1,3.08942820220856e-23,1.04871665209739
"chr21",43646501,43646750,250,"*",1,5.10776853312069e-23,0.982523336369249
"chr21",17679251,17679500,250,"*",1,5.97215273484862e-23,0.932291949387601
"chr21",32826501,32826750,250,"*",1,6.62458412119536e-23,1.2308071002123
"chr21",45439251,45439500,250,"*",1,9.47421329631717e-23,1.02571732077485
"chr21",30341001,30341250,250,"*",1,1.07309134825173e-22,1.27134539061354
"chr21",36966501,36966750,250,"*",1,1.82564179461044e-22,1.79774811089178
"chr21",34745751,34746000,250,"*",1,2.97970277047173e-22,1.10077508706568
"chr21",36125751,36126000,250,"*",1,3.61523526017395e-22,0.947370549027617
"chr21",14403751,14404000,250,"*",1,6.33852742515086e-22,0.855991566500718
"chr21",46504251,46504500,250,"*",1,6.40052331738528e-22,1.0165520124192
"chr21",44801001,44801250,250,"*",1,9.17954115088459e-22,0.931088702531405
"chr21",35940251,35940500,250,"*",1,1.31175720452879e-21,1.30945515694131
"chr21",25039751,25040000,250,"*",1,1.36482632812932e-21,0.84466937741594
"chr21",35051251,35051500,250,"*",1,2.12906583526466e-21,1.09078903562148
"chr21",44456001,44456250,250,"*",1,2.20630789177617e-21,1.45414485247456
"chr21",38334001,38334250,250,"*",1,3.22417528416667e-21,1.04512912112558
"chr21",25862501,25862750,250,"*",1,3.96287190521954e-21,1.20921877176576
"chr21",44012751,44013000,250,"*",1,4.25802141953503e-21,1.00712853652299
"chr21",29090001,29090250,250,"*",1,5.51377098829193e-21,0.946875352630967
"chr21",33360751,33361000,250,"*",1,5.51377098829193e-21,0.946875352630967
"chr21",14259751,14260000,250,"*",1,5.55872065245892e-21,0.922399494552897
"chr21",25314001,25314250,250,"*",1,5.55872065245892e-21,0.922399494552897
"chr21",29164251,29164500,250,"*",1,6.59219357307461e-21,1.24903707112987
"chr21",21164001,21164250,250,"*",1,6.90509098898293e-21,1.06181049146025
"chr21",45554751,45555000,250,"*",1,7.46542153546463e-21,0.836797940646563
"chr21",34509251,34509500,250,"*",1,8.45957733796852e-21,1.13666010131482
"chr21",43356001,43356250,250,"*",1,2.80129449474777e-20,0.997431926410455
"chr21",41122001,41122250,250,"*",1,2.98281354263836e-20,1.19787871227807
"chr21",43718751,43719000,250,"*",1,2.98281354263836e-20,1.19787871227807
"chr21",38805001,38805250,250,"*",1,3.41234934033389e-20,0.937710044275309
"chr21",33361001,33361250,250,"*",1,3.5337543631064e-20,0.78230485808776
"chr21",29372251,29372500,250,"*",1,4.13063662651291e-20,0.828736840110216
"chr21",32601251,32601500,250,"*",1,5.09498481720956e-20,1.23729911871277
"chr21",39373751,39374000,250,"*",1,5.09498481720956e-20,1.23729911871277
"chr21",20999501,20999750,250,"*",1,1.2008254213337e-19,1.15351536342972
"chr21",37642751,37643000,250,"*",1,1.2008254213337e-19,1.15351536342972
"chr21",38669251,38669500,250,"*",1,1.2008254213337e-19,1.34671584720221
"chr21",41167751,41168000,250,"*",1,1.2008254213337e-19,1.15351536342972
"chr21",45973501,45973750,250,"*",1,1.45122442973253e-19,1.02484976434266
"chr21",25283751,25284000,250,"*",1,2.09540230517103e-19,0.928286568379105
"chr21",17925251,17925500,250,"*",1,2.16418608414641e-19,1.09063599299705
"chr21",34722751,34723000,250,"*",1,2.16418608414641e-19,1.09063599299705
"chr21",37759001,37759250,250,"*",1,3.94961432616556e-19,1.22513433280426
"chr21",45102751,45103000,250,"*",1,7.21178402508785e-19,1.05890740183622
"chr21",34367251,34367500,250,"*",1,8.93025613987084e-19,1.14177741101262
"chr21",31109001,31109250,250,"*",1,1.18064981470822e-18,0.977152569627534
"chr21",45818251,45818500,250,"*",1,1.70338396068911e-18,1.17397597395246
"chr21",44267751,44268000,250,"*",1,5.06537034648532e-18,1.04756734234854
"chr21",31623751,31624000,250,"*",1,5.22897744776625e-18,1.25980968475574
"chr21",45542251,45542500,250,"*",1,5.35300651206303e-18,2.71252659953274
"chr21",41460501,41460750,250,"*",1,6.60351277006697e-18,1.00326143589612
"chr21",43355751,43356000,250,"*",1,8.10173011544387e-18,0.935414521219083
"chr21",28940251,28940500,250,"*",1,2.01934338419824e-17,0.916348467190014
"chr21",41283501,41283750,250,"*",1,2.36005065917948e-17,1.09044904350554
"chr21",42164251,42164500,250,"*",1,4.1524131092315e-17,1.24615530868109
"chr21",34890251,34890500,250,"*",1,4.88492620739686e-17,1.11698878812341
"chr21",42593501,42593750,250,"*",1,9.30909787320501e-17,1.3856441499647
"chr21",37463251,37463500,250,"*",1,1.23764501174532e-16,0.905728398739457
"chr21",34352001,34352250,250,"*",1,1.69406277715096e-16,1.07782520652484
"chr21",40144001,40144250,250,"*",1,3.58772481337338e-16,1.10386989124415
"chr21",14738001,14738250,250,"*",1,5.92757614505576e-16,0.733263251448328
"chr21",42923751,42924000,250,"*",1,6.99198179809117e-16,0.763676110237197
"chr21",36104751,36105000,250,"*",1,7.24196019497444e-16,1.13457886401786
"chr21",36917501,36917750,250,"*",1,7.24196019497444e-16,1.13457886401786
"chr21",26850251,26850500,250,"*",1,7.77304626952726e-16,0.955485560598747
"chr21",37564501,37564750,250,"*",1,7.89115919830924e-16,0.922704715790658
"chr21",42145751,42146000,250,"*",1,9.12864803629048e-16,0.817007808126871
"chr21",44875501,44875750,250,"*",1,9.12864803629048e-16,0.817007808126871
"chr21",42818251,42818500,250,"*",1,1.60470840635297e-15,1.01104076704223
"chr21",42974501,42974750,250,"*",1,1.60470840635297e-15,1.01104076704223
"chr21",37712001,37712250,250,"*",1,2.54203655380175e-15,1.0902155151695
"chr21",44510751,44511000,250,"*",1,2.54203655380175e-15,1.0902155151695
"chr21",33196751,33197000,250,"*",1,3.09810960014392e-15,0.83876764354949
"chr21",22792001,22792250,250,"*",1,3.7819353922688e-15,0.859607351401842
"chr21",34583001,34583250,250,"*",1,4.22897219154752e-15,1.27527923311728
"chr21",26849501,26849750,250,"*",1,4.48951216681428e-15,0.982062222880995
"chr21",38159501,38159750,250,"*",1,4.85286592142814e-15,0.943320774690234
"chr21",44297501,44297750,250,"*",1,4.90083242025102e-15,0.806714502788154
"chr21",16330251,16330500,250,"*",1,6.30636716468906e-15,1.35376556990489
"chr21",17387251,17387500,250,"*",1,6.40320854620742e-15,0.823930193878105
"chr21",32771751,32772000,250,"*",1,8.54542467065901e-15,0.70675378142879
"chr21",32921751,32922000,250,"*",1,1.19040815658753e-14,0.955394801102121
"chr21",34801751,34802000,250,"*",1,1.78615318469454e-14,1.07598007908281
"chr21",45309001,45309250,250,"*",1,1.78615318469454e-14,1.07598007908281
"chr21",20882501,20882750,250,"*",1,1.91438687271128e-14,1.20149196755007
"chr21",46147251,46147500,250,"*",1,1.91438687271128e-14,1.20149196755007
"chr21",36260501,36260750,250,"*",1,2.03033121646363e-14,0.724318321610528
"chr21",43269501,43269750,250,"*",1,2.44562029154772e-14,1.01599608524914
"chr21",36917751,36918000,250,"*",1,3.30655913568412e-14,1.25896040161325
"chr21",32136251,32136500,250,"*",1,4.19063256134661e-14,2.63789508881113
"chr21",46325251,46325500,250,"*",1,4.4947184244446e-14,0.831985445417945
"chr21",18499751,18500000,250,"*",1,6.927675941409e-14,0.984267494088319
"chr21",36028751,36029000,250,"*",1,7.29312207511139e-14,0.907697606386999
"chr21",16330501,16330750,250,"*",1,7.57834010630939e-14,1.14107388173863
"chr21",44013751,44014000,250,"*",1,9.27126388409339e-14,0.816459324065822
"chr21",37221001,37221250,250,"*",1,1.68690560292657e-13,0.705210578830865
"chr21",31509751,31510000,250,"*",1,1.84492148897366e-13,0.955288949927086
"chr21",43645751,43646000,250,"*",1,1.84755151695055e-13,0.917578040830284
"chr21",39716001,39716250,250,"*",1,2.59339350017828e-13,1.24180460780194
"chr21",42010501,42010750,250,"*",1,2.59339350017828e-13,1.24180460780194
"chr21",41877001,41877250,250,"*",1,2.67640611669346e-13,1.08991552288684
"chr21",14774001,14774250,250,"*",1,3.67772559418815e-13,0.787414589342021
"chr21",45923251,45923500,250,"*",1,3.7815159004631e-13,1.02194834099568
"chr21",15730251,15730500,250,"*",1,3.90482463230341e-13,2.61631095879871
"chr21",44911501,44911750,250,"*",1,4.13918037656505e-13,1.31852650423341
"chr21",31180751,31181000,250,"*",1,4.42406916778123e-13,0.970032058001633
"chr21",36209501,36209750,250,"*",1,4.42406916778123e-13,0.970032058001633
"chr21",34693501,34693750,250,"*",1,4.57970348232901e-13,0.928621528148212
"chr21",27701251,27701500,250,"*",1,5.65346672279328e-13,1.43219582020372
"chr21",31874001,31874250,250,"*",1,5.65346672279328e-13,1.43219582020372
"chr21",44295751,44296000,250,"*",1,6.46033425760626e-13,0.824364553588543
"chr21",44801251,44801500,250,"*",1,6.46033425760626e-13,0.824364553588543
"chr21",26169001,26169250,250,"*",1,8.44512388621909e-13,1.04555217403848
"chr21",31198751,31199000,250,"*",1,9.78046433844794e-13,0.873059243605095
"chr21",25862751,25863000,250,"*",1,1.05029881174382e-12,0.986892492673891
"chr21",38733751,38734000,250,"*",1,1.05029881174382e-12,0.986892492673891
"chr21",31559001,31559250,250,"*",1,1.06833262416564e-12,1.16801734223473
"chr21",46324751,46325000,250,"*",1,1.08845277634779e-12,0.903923664755628
"chr21",45138751,45139000,250,"*",1,1.12347800935464e-12,0.9410535138404
"chr21",36589251,36589500,250,"*",1,2.1407732995193e-12,0.852840661099295
"chr21",33361501,33361750,250,"*",1,2.41080344275523e-12,0.748089434495572
"chr21",42513501,42513750,250,"*",1,2.46733217096453e-12,1.00638859243991
"chr21",42850751,42851000,250,"*",1,2.46733217096453e-12,1.00638859243991
"chr21",15592251,15592500,250,"*",1,2.76571322417962e-12,0.914386092061526
"chr21",42467251,42467500,250,"*",1,3.44256016640112e-12,0.653706408446981
"chr21",14120001,14120250,250,"*",1,3.89374317689382e-12,1.10759925642329
"chr21",32096501,32096750,250,"*",1,3.89374317689382e-12,1.10759925642329
"chr21",35940501,35940750,250,"*",1,3.89374317689382e-12,1.10759925642329
"chr21",15592501,15592750,250,"*",1,6.7842902166215e-12,0.971332744118124
"chr21",42233751,42234000,250,"*",1,6.93943773545311e-12,0.795458870111634
"chr21",41610251,41610500,250,"*",1,6.95969311307231e-12,0.926185357351834
"chr21",38712251,38712500,250,"*",1,7.89682270456862e-12,1.14993407037455
"chr21",39441751,39442000,250,"*",1,9.27885325776728e-12,0.815736741363858
"chr21",45970501,45970750,250,"*",1,1.28369904671981e-11,1.05644089757149
"chr21",36927501,36927750,250,"*",1,1.34596600562148e-11,0.779932748759512
"chr21",46143751,46144000,250,"*",1,1.35398169193559e-11,0.712904214788437
"chr21",33200001,33200250,250,"*",1,1.35537629774649e-11,0.630651490674562
"chr21",21003751,21004000,250,"*",1,1.48255031092192e-11,1.20460454304257
"chr21",31781001,31781250,250,"*",1,1.48255031092192e-11,1.20460454304257
"chr21",38796501,38796750,250,"*",1,1.48255031092192e-11,1.20460454304257
"chr21",33230501,33230750,250,"*",1,1.63998466352035e-11,0.899517935572961
"chr21",46286001,46286250,250,"*",1,1.63998466352035e-11,0.899517935572961
"chr21",46635001,46635250,250,"*",1,2.52916055797234e-11,0.765095299088127
"chr21",17926001,17926250,250,"*",1,4.2395676637984e-11,0.910625608796067
"chr21",25040001,25040250,250,"*",1,4.72401471302635e-11,0.75088801403571
"chr21",42467501,42467750,250,"*",1,6.68290296535592e-11,0.681069699646266
"chr21",25561751,25562000,250,"*",1,8.64049032211359e-11,0.737259539547619
"chr21",43816751,43817000,250,"*",1,8.80462374639343e-11,1.03835762571131
"chr21",44268001,44268250,250,"*",1,9.87095576696581e-11,0.883958187017193
"chr21",23968501,23968750,250,"*",1,1.04893224229702e-10,0.972913967124568
"chr21",36585001,36585250,250,"*",1,1.04893224229702e-10,0.972913967124568
"chr21",24375251,24375500,250,"*",1,1.13227753148183e-10,1.18432889089163
"chr21",44718751,44719000,250,"*",1,1.96994963908101e-10,1.07039919166392
"chr21",37220501,37220750,250,"*",1,2.34308917740773e-10,0.737769117156457
"chr21",18295251,18295500,250,"*",1,2.53639759822877e-10,0.993994276862956
"chr21",41612251,41612500,250,"*",1,2.63712735214514e-10,0.787846929202516
"chr21",25607251,25607500,250,"*",1,2.90025623059807e-10,0.689001476462824
"chr21",14119251,14119500,250,"*",1,3.20632201011688e-10,1.36726282415242
"chr21",44846001,44846250,250,"*",1,3.46978778322166e-10,0.753159475805603
"chr21",44509751,44510000,250,"*",1,4.20792849922129e-10,1.11054162532442
"chr21",25562001,25562250,250,"*",1,4.84076556062398e-10,0.67804993502883
"chr21",45550001,45550250,250,"*",1,5.75233886234267e-10,0.867639355513155
"chr21",31180501,31180750,250,"*",1,6.72998195948246e-10,0.954830695264389
"chr21",33445501,33445750,250,"*",1,7.2818993199386e-10,0.71104565718768
"chr21",41917251,41917500,250,"*",1,8.53428272560977e-10,1.16274476087921
"chr21",25567501,25567750,250,"*",1,1.30171061997858e-09,0.657166961320652
"chr21",43719001,43719250,250,"*",1,1.6054790025148e-09,1.23447671528291
"chr21",41321251,41321500,250,"*",1,1.65658198229243e-09,0.974877483963764
"chr21",17585751,17586000,250,"*",1,1.67576802417224e-09,0.9197748469426
"chr21",36989751,36990000,250,"*",1,1.72008386844602e-09,0.738924039718917
"chr21",37563501,37563750,250,"*",1,2.14824305961849e-09,0.665426098048133
"chr21",26732501,26732750,250,"*",1,2.63640767563176e-09,1.34247973717991
"chr21",36747751,36748000,250,"*",1,2.88828732492075e-09,2.51259188259316
"chr21",41168001,41168250,250,"*",1,2.88828732492075e-09,2.51259188259316
"chr21",26170501,26170750,250,"*",1,3.00903127293466e-09,1.088957495312
"chr21",36541751,36542000,250,"*",1,3.46695772873127e-09,0.654821704204999
"chr21",45138501,45138750,250,"*",1,3.91052747362662e-09,0.888046255781777
"chr21",25350251,25350500,250,"*",1,3.9358586868121e-09,0.998965180661186
"chr21",41839251,41839500,250,"*",1,3.9358586868121e-09,0.998965180661186
"chr21",45236501,45236750,250,"*",1,3.9358586868121e-09,0.998965180661186
"chr21",15826001,15826250,250,"*",1,4.18551990395279e-09,0.935713902365196
"chr21",14306751,14307000,250,"*",1,6.26409403013845e-09,1.13967154699126
"chr21",31499001,31499250,250,"*",1,6.26409403013845e-09,1.13967154699126
"chr21",33895001,33895250,250,"*",1,6.26409403013845e-09,1.13967154699126
"chr21",34243501,34243750,250,"*",1,6.84010672315564e-09,0.825785698309265
"chr21",17586001,17586250,250,"*",1,6.8453938801211e-09,0.757419024158184
"chr21",42117251,42117500,250,"*",1,6.8453938801211e-09,0.757419024158184
"chr21",25790001,25790250,250,"*",1,9.13513933817726e-09,1.02853940950056
"chr21",31347501,31347750,250,"*",1,9.13513933817726e-09,1.02853940950056
"chr21",36484251,36484500,250,"*",1,9.13513933817726e-09,1.02853940950056
"chr21",37564251,37564500,250,"*",1,9.13513933817726e-09,0.65230720116888
"chr21",45309251,45309500,250,"*",1,9.13513933817726e-09,1.02853940950056
"chr21",32359751,32360000,250,"*",1,1.20598312482395e-08,1.2096936283104
"chr21",39153501,39153750,250,"*",1,1.20598312482395e-08,1.2096936283104
"chr21",31198501,31198750,250,"*",1,1.42415198435119e-08,0.709218433558966
"chr21",36141751,36142000,250,"*",1,1.42415198435119e-08,0.709218433558966
"chr21",25561501,25561750,250,"*",1,1.51128187135734e-08,0.683155845026338
"chr21",17512501,17512750,250,"*",1,2.07710514190242e-08,1.06588428142405
"chr21",46551751,46552000,250,"*",1,2.07710514190242e-08,1.06588428142405
"chr21",39313751,39314000,250,"*",1,2.21601017440489e-08,0.724022256026706
"chr21",30463751,30464000,250,"*",1,2.2378068569444e-08,0.868929462882584
"chr21",43865251,43865500,250,"*",1,2.62697810001289e-08,2.48072246019812
"chr21",41612501,41612750,250,"*",1,2.64284972453185e-08,0.781266901084076
"chr21",46153501,46153750,250,"*",1,2.64284972453185e-08,0.781266901084076
"chr21",14253751,14254000,250,"*",1,3.86346185169852e-08,0.708496134674585
"chr21",21921751,21922000,250,"*",1,4.48866361331798e-08,1.11488846001876
"chr21",27564751,27565000,250,"*",1,4.48866361331798e-08,1.11488846001876
"chr21",28517251,28517500,250,"*",1,4.48866361331798e-08,1.11488846001876
"chr21",34544001,34544250,250,"*",1,4.79587204744605e-08,0.83995091872135
"chr21",42309501,42309750,250,"*",1,4.98359579428106e-08,0.761048318578276
"chr21",34671001,34671250,250,"*",1,5.84789229650112e-08,0.880382401892473
"chr21",31142751,31143000,250,"*",1,6.06299525423957e-08,1.00546619561261
"chr21",39138001,39138250,250,"*",1,6.06299525423957e-08,1.00546619561261
"chr21",36504501,36504750,250,"*",1,6.53432101445556e-08,0.693658685003199
"chr21",25895751,25896000,250,"*",1,7.12819612474217e-08,0.784703095126547
"chr21",34073251,34073500,250,"*",1,9.07691860918136e-08,1.18292681357858
"chr21",42537251,42537500,250,"*",1,9.10356962618757e-08,0.741982264549207
"chr21",39314001,39314250,250,"*",1,9.77454475432984e-08,0.813283496942477
"chr21",42360501,42360750,250,"*",1,9.77454475432984e-08,0.813283496942477
"chr21",33480251,33480500,250,"*",1,1.03559524366147e-07,0.707703424522669
"chr21",44800251,44800500,250,"*",1,1.08846332424997e-07,0.679451399950783
"chr21",39715751,39716000,250,"*",1,1.26546233761291e-07,0.848653810731649
"chr21",39445501,39445750,250,"*",1,1.34374538644141e-07,0.763183629223896
"chr21",29500001,29500250,250,"*",1,1.4073533415551e-07,1.04110119445154
"chr21",32688001,32688250,250,"*",1,1.4073533415551e-07,1.04110119445154
"chr21",41817501,41817750,250,"*",1,1.50435840090375e-07,0.893854120201838
"chr21",36631001,36631250,250,"*",1,1.59446716252566e-07,0.954307836760813
"chr21",43829501,43829750,250,"*",1,1.62686241121464e-07,1.28661696183482
"chr21",44310751,44311000,250,"*",1,1.62686241121464e-07,1.28661696183482
"chr21",42330751,42331000,250,"*",1,1.77202158280827e-07,0.665822925462692
"chr21",37916251,37916500,250,"*",1,2.39418504278744e-07,2.44549458620648
"chr21",15730001,15730250,250,"*",1,2.4494657688297e-07,1.47818852596819
"chr21",31509501,31509750,250,"*",1,2.6048415652052e-07,0.819675266570416
"chr21",37463001,37463250,250,"*",1,2.86592751608471e-07,0.652727939982005
"chr21",46402501,46402750,250,"*",1,3.15251876645239e-07,1.08812164528694
"chr21",23853751,23854000,250,"*",1,3.88885302767025e-07,0.909944487912456
"chr21",37619751,37620000,250,"*",1,3.91192896236843e-07,0.980683108640108
"chr21",37659001,37659250,250,"*",1,3.91192896236843e-07,0.980683108640108
"chr21",41917001,41917250,250,"*",1,3.91192896236843e-07,0.980683108640108
"chr21",29090251,29090500,250,"*",1,4.72364930119643e-07,0.690547630711362
"chr21",37533251,37533500,250,"*",1,4.72364930119643e-07,0.690547630711362
"chr21",17931001,17931250,250,"*",1,6.63188028193222e-07,0.744066836324703
"chr21",23936251,23936500,250,"*",1,6.63188028193222e-07,1.15383085296531
"chr21",32143751,32144000,250,"*",1,6.63188028193222e-07,1.15383085296531
"chr21",36260751,36261000,250,"*",1,6.63188028193222e-07,0.744066836324703
"chr21",44817751,44818000,250,"*",1,6.63188028193222e-07,1.15383085296531
"chr21",33901751,33902000,250,"*",1,9.43992437391055e-07,1.01433437971972
"chr21",38621251,38621500,250,"*",1,9.43992437391055e-07,1.01433437971972
"chr21",36422501,36422750,250,"*",1,9.82944305589581e-07,0.768309981398958
"chr21",42011251,42011500,250,"*",1,1.18666172460115e-06,0.723848253818904
"chr21",46210501,46210750,250,"*",1,1.27978927696679e-06,1.25474753943978
"chr21",17931251,17931500,250,"*",1,1.39804160028128e-06,0.798091136557993
"chr21",44338251,44338500,250,"*",1,1.66584226765275e-06,0.6049410253972
"chr21",25562251,25562500,250,"*",1,1.72108450719564e-06,0.56531391796647
"chr21",30839501,30839750,250,"*",1,1.87464711098004e-06,0.8357250579921
"chr21",45098751,45099000,250,"*",1,2.05896983122736e-06,0.704782199789834
"chr21",23854001,23854250,250,"*",1,2.19766849094936e-06,1.05902568467367
"chr21",35616251,35616500,250,"*",1,2.19766849094936e-06,1.05902568467367
"chr21",33588501,33588750,250,"*",1,2.29465159591989e-06,0.885161400939954
"chr21",34517501,34517750,250,"*",1,2.29465159591989e-06,0.885161400939954
"chr21",38806251,38806500,250,"*",1,2.29465159591989e-06,0.885161400939954
"chr21",16194501,16194750,250,"*",1,2.486036513463e-06,0.953916293908287
"chr21",36615251,36615500,250,"*",1,2.486036513463e-06,0.953916293908287
"chr21",33269001,33269250,250,"*",1,2.86571217214849e-06,0.611663189868618
"chr21",44267501,44267750,250,"*",1,3.76826769502173e-06,0.803996466831277
"chr21",46371501,46371750,250,"*",1,3.76826769502173e-06,0.803996466831277
"chr21",14306501,14306750,250,"*",1,4.86639336158675e-06,1.12196143057027
"chr21",25507751,25508000,250,"*",1,4.92521770338093e-06,0.746725851386535
"chr21",36419751,36420000,250,"*",1,4.92521770338093e-06,0.746725851386535
"chr21",18500001,18500250,250,"*",1,4.96479844510049e-06,0.845997819341386
"chr21",42851001,42851250,250,"*",1,4.96479844510049e-06,0.845997819341386
"chr21",43315251,43315500,250,"*",1,4.96479844510049e-06,0.845997819341386
"chr21",33947751,33948000,250,"*",1,5.53388660909267e-06,0.703572601667969
"chr21",38734251,38734500,250,"*",1,5.53388660909267e-06,0.703572601667969
"chr21",29092751,29093000,250,"*",1,5.95287137255419e-06,0.902757935056489
"chr21",42309001,42309250,250,"*",1,5.95287137255419e-06,0.902757935056489
"chr21",37675501,37675750,250,"*",1,6.1208197749182e-06,0.985238419106453
"chr21",45444001,45444250,250,"*",1,6.1208197749182e-06,0.985238419106453
"chr21",14253501,14253750,250,"*",1,7.16859389802133e-06,0.775017922670043
"chr21",25607751,25608000,250,"*",1,7.16859389802133e-06,0.775017922670043
"chr21",43975751,43976000,250,"*",1,7.16859389802133e-06,0.775017922670043
"chr21",45292751,45293000,250,"*",1,8.68073622186866e-06,0.723726520063997
"chr21",38334251,38334500,250,"*",1,9.74553459208795e-06,1.21951966544814
"chr21",44761501,44761750,250,"*",1,1.00930936830662e-05,0.810941971019597
"chr21",37087251,37087500,250,"*",1,1.33638693491116e-05,0.748350500891169
"chr21",26717251,26717500,250,"*",1,1.48183349400197e-05,1.02715626227862
"chr21",27803001,27803250,250,"*",1,1.48183349400197e-05,1.02715626227862
"chr21",29092501,29092750,250,"*",1,1.48183349400197e-05,1.02715626227862
"chr21",41369251,41369500,250,"*",1,1.52781398762769e-05,0.666468681932532
"chr21",32994251,32994500,250,"*",1,1.5292428908171e-05,0.924820333295018
"chr21",42320001,42320250,250,"*",1,1.5292428908171e-05,0.924820333295018
"chr21",45880751,45881000,250,"*",1,1.5292428908171e-05,0.924820333295018
"chr21",31065001,31065250,250,"*",1,1.67199410825717e-05,1.40358219494632
"chr21",34231501,34231750,250,"*",1,1.67199410825717e-05,1.40358219494632
"chr21",44835501,44835750,250,"*",1,1.67199410825717e-05,1.40358219494632
"chr21",36966251,36966500,250,"*",1,1.93656562363939e-05,0.779213379858774
"chr21",42381251,42381500,250,"*",1,1.93656562363939e-05,0.779213379858774
"chr21",44304751,44305000,250,"*",1,1.93656562363939e-05,0.779213379858774
"chr21",45880251,45880500,250,"*",1,1.93656562363939e-05,0.779213379858774
"chr21",39136251,39136500,250,"*",1,1.966079146535e-05,2.36147676729395
"chr21",40512751,40513000,250,"*",1,1.966079146535e-05,2.36147676729395
"chr21",25507501,25507750,250,"*",1,2.33631553780117e-05,0.723652637498586
"chr21",43864501,43864750,250,"*",1,2.33631553780117e-05,0.723652637498586
"chr21",37220751,37221000,250,"*",1,2.38985726191501e-05,0.571466400081855
"chr21",15483001,15483250,250,"*",1,2.4071602326536e-05,0.649353760297267
"chr21",36976751,36977000,250,"*",1,2.4071602326536e-05,0.649353760297267
"chr21",37563751,37564000,250,"*",1,2.88216181339974e-05,0.588568347928811
"chr21",24045751,24046000,250,"*",1,3.37381060526047e-05,1.08673355657863
"chr21",30434001,30434250,250,"*",1,3.4318894572658e-05,0.87366197444322
"chr21",34912251,34912500,250,"*",1,3.4318894572658e-05,0.87366197444322
"chr21",42890501,42890750,250,"*",1,3.4318894572658e-05,0.87366197444322
"chr21",45443751,45444000,250,"*",1,3.4318894572658e-05,0.87366197444322
"chr21",33265751,33266000,250,"*",1,3.78471377902191e-05,0.633071913801055
"chr21",30044751,30045000,250,"*",1,3.83170055956403e-05,0.953368996711408
"chr21",38505501,38505750,250,"*",1,3.83170055956403e-05,0.953368996711408
"chr21",37073501,37073750,250,"*",1,4.20748818934192e-05,0.576424124197132
"chr21",23452751,23453000,250,"*",1,5.20072717343352e-05,0.784175156287776
"chr21",38236251,38236500,250,"*",1,5.20072717343352e-05,0.784175156287776
"chr21",45768501,45768750,250,"*",1,5.20072717343352e-05,0.784175156287776
"chr21",45768751,45769000,250,"*",1,5.20072717343352e-05,0.784175156287776
"chr21",25350001,25350250,250,"*",1,6.31269869848002e-05,0.723567413918667
"chr21",37497001,37497250,250,"*",1,6.31269869848002e-05,0.723567413918667
"chr21",42064251,42064500,250,"*",1,6.65776944105701e-05,0.679133840273396
"chr21",29817501,29817750,250,"*",1,7.14758346899006e-05,1.18014120841791
"chr21",31992001,31992250,250,"*",1,7.14758346899006e-05,1.18014120841791
"chr21",43760501,43760750,250,"*",1,7.14758346899006e-05,1.18014120841791
"chr21",43979751,43980000,250,"*",1,7.16194754583174e-05,0.829298625594864
"chr21",21102001,21102250,250,"*",1,9.01876560527977e-05,0.892950910899973
"chr21",23131251,23131500,250,"*",1,9.49454504545835e-05,0.991928388286988
"chr21",31041501,31041750,250,"*",1,9.49454504545835e-05,0.991928388286988
"chr21",38712001,38712250,250,"*",1,9.49454504545835e-05,0.991928388286988
"chr21",42256001,42256250,250,"*",1,9.49454504545835e-05,0.991928388286988
"chr21",34091751,34092000,250,"*",1,9.60536652910322e-05,0.752446565126953
"chr21",41862251,41862500,250,"*",1,9.60536652910322e-05,0.752446565126953
"chr21",25567751,25568000,250,"*",1,0.000130757860987625,0.588501057725132
"chr21",21751501,21751750,250,"*",1,0.000132875829005118,1.35894283306402
"chr21",39137251,39137500,250,"*",1,0.000132875829005118,1.35894283306402
"chr21",40386251,40386500,250,"*",1,0.000132875829005118,1.35894283306402
"chr21",44067501,44067750,250,"*",1,0.000132875829005118,1.35894283306402
"chr21",29849501,29849750,250,"*",1,0.000139987995138322,0.790135043996296
"chr21",33855251,33855500,250,"*",1,0.000139987995138322,0.790135043996296
"chr21",36479001,36479250,250,"*",1,0.000139987995138322,0.790135043996296
"chr21",44618501,44618750,250,"*",1,0.000139987995138322,0.790135043996296
"chr21",36430001,36430250,250,"*",1,0.000151282698092106,0.611487783788632
"chr21",36422001,36422250,250,"*",1,0.000169515175491215,0.639849203738527
"chr21",41461001,41461250,250,"*",1,0.000169515175491215,0.723468020965719
"chr21",41768751,41769000,250,"*",1,0.000169515175491215,0.723468020965719
"chr21",44817501,44817750,250,"*",1,0.000169515175491215,0.723468020965719
"chr21",44800001,44800250,250,"*",1,0.000176979008397763,0.675870219203545
"chr21",20971251,20971500,250,"*",1,0.000188881883755028,0.841792552048175
"chr21",25639501,25639750,250,"*",1,0.000188881883755028,0.841792552048175
"chr21",31457751,31458000,250,"*",1,0.000188881883755028,0.841792552048175
"chr21",41896001,41896250,250,"*",1,0.000188881883755028,0.841792552048175
"chr21",44718501,44718750,250,"*",1,0.000188881883755028,0.841792552048175
"chr21",45236751,45237000,250,"*",1,0.000188881883755028,0.841792552048175
"chr21",31933751,31934000,250,"*",1,0.000225267231277221,1.0473550995484
"chr21",26171001,26171250,250,"*",1,0.000229160336464316,0.918141122719772
"chr21",34072751,34073000,250,"*",1,0.000229160336464316,0.918141122719772
"chr21",34201751,34202000,250,"*",1,0.000229160336464316,0.918141122719772
"chr21",37446751,37447000,250,"*",1,0.000229160336464316,0.918141122719772
"chr21",45596501,45596750,250,"*",1,0.00025794970525878,0.755079195674507
"chr21",25640001,25640250,250,"*",1,0.00028360862675382,0.654350753300893
"chr21",46326251,46326500,250,"*",1,0.00028360862675382,0.654350753300893
"chr21",32570001,32570250,250,"*",1,0.000395930584176286,0.604696416396895
"chr21",36153001,36153250,250,"*",1,0.000449391483289882,0.634132170795094
"chr21",45287751,45288000,250,"*",1,0.000449391483289882,0.634132170795094
"chr21",25790251,25790500,250,"*",1,0.000459920884728256,0.723350604513684
"chr21",25896001,25896250,250,"*",1,0.000459920884728256,0.723350604513684
"chr21",36420251,36420500,250,"*",1,0.000459920884728256,0.723350604513684
"chr21",37675001,37675250,250,"*",1,0.000475537963201604,0.672102735794262
"chr21",45591001,45591250,250,"*",1,0.000475537963201604,0.672102735794262
"chr21",29850001,29850250,250,"*",1,0.000504043960155096,0.857723036908338
"chr21",34073501,34073750,250,"*",1,0.000504043960155096,0.857723036908338
"chr21",46420501,46420750,250,"*",1,0.000504043960155096,0.857723036908338
"chr21",24705501,24705750,250,"*",1,0.000505356318376541,1.1355018465356
"chr21",31873001,31873250,250,"*",1,0.000505356318376541,1.1355018465356
"chr21",41746001,41746250,250,"*",1,0.000505356318376541,1.1355018465356
"chr21",20443501,20443750,250,"*",1,0.000582670092038711,0.952549931256755
"chr21",31041751,31042000,250,"*",1,0.000582670092038711,0.952549931256755
"chr21",31566251,31566500,250,"*",1,0.000582670092038711,0.952549931256755
"chr21",39089001,39089250,250,"*",1,0.000582670092038711,0.952549931256755
"chr21",44322251,44322500,250,"*",1,0.000582670092038711,0.952549931256755
"chr21",44510251,44510500,250,"*",1,0.000582670092038711,0.952549931256755
"chr21",42455251,42455500,250,"*",1,0.000696915201973315,0.758265621601251
"chr21",44302001,44302250,250,"*",1,0.000696915201973315,0.758265621601251
"chr21",42376751,42377000,250,"*",1,0.000753164915142394,0.649103404471724
"chr21",41973751,41974000,250,"*",1,0.000771101673430585,0.69437206035245
"chr21",45818501,45818750,250,"*",1,0.000771101673430585,0.69437206035245
"chr21",31086751,31087000,250,"*",1,0.00101794044777666,0.80656467805654
"chr21",31731251,31731500,250,"*",1,0.00101794044777666,0.80656467805654
"chr21",35400251,35400500,250,"*",1,0.00101794044777666,0.80656467805654
"chr21",31785751,31786000,250,"*",1,0.00101971509387394,0.597028251059657
"chr21",27759001,27759250,250,"*",1,0.00102224408043302,1.30741690287182
"chr21",32412751,32413000,250,"*",1,0.00102224408043302,1.30741690287182
"chr21",42033251,42033500,250,"*",1,0.00102224408043302,1.30741690287182
"chr21",29476751,29477000,250,"*",1,0.00123299544822348,0.723209773279463
"chr21",32921501,32921750,250,"*",1,0.00123299544822348,0.723209773279463
"chr21",42411501,42411750,250,"*",1,0.00123299544822348,0.723209773279463
"chr21",44300501,44300750,250,"*",1,0.00123299544822348,0.723209773279463
"chr21",29342501,29342750,250,"*",1,0.001256589404589,0.667704638573577
"chr21",34670501,34670750,250,"*",1,0.001256589404589,0.667704638573577
"chr21",36028251,36028500,250,"*",1,0.001256589404589,0.667704638573577
"chr21",41974001,41974250,250,"*",1,0.001256589404589,0.667704638573577
"chr21",14953001,14953250,250,"*",1,0.00132193718881912,0.87876266568954
"chr21",21751251,21751500,250,"*",1,0.00132193718881912,0.87876266568954
"chr21",36389751,36390000,250,"*",1,0.00132193718881912,0.87876266568954
"chr21",41589251,41589500,250,"*",1,0.00132193718881912,0.87876266568954
"chr21",26715751,26716000,250,"*",1,0.00144434776294635,1.0027157376661
"chr21",32414751,32415000,250,"*",1,0.00144434776294635,1.0027157376661
"chr21",34888751,34889000,250,"*",1,0.00144434776294635,1.0027157376661
"chr21",42831001,42831250,250,"*",1,0.00144434776294635,1.0027157376661
"chr21",42831251,42831500,250,"*",1,0.00144434776294635,1.0027157376661
"chr21",44455751,44456000,250,"*",1,0.00144434776294635,1.0027157376661
"chr21",16975001,16975250,250,"*",1,0.00148942578707694,2.24901900555046
"chr21",31285001,31285250,250,"*",1,0.00148942578707694,2.24901900555046
"chr21",39026251,39026500,250,"*",1,0.00148942578707694,2.24901900555046
"chr21",41045751,41046000,250,"*",1,0.00148942578707694,2.24901900555046
"chr21",41953751,41954000,250,"*",1,0.00148942578707694,2.24901900555046
"chr21",45542501,45542750,250,"*",1,0.00148942578707694,2.24901900555046
"chr21",45644001,45644250,250,"*",1,0.00148942578707694,2.24901900555046
"chr21",37366501,37366750,250,"*",1,0.00173494377522094,0.607365356063273
"chr21",44479751,44480000,250,"*",1,0.00173494377522094,0.607365356063273
"chr21",28745501,28745750,250,"*",1,0.00184994008406253,0.762201329208183
"chr21",31264751,31265000,250,"*",1,0.00184994008406253,0.762201329208183
"chr21",36501501,36501750,250,"*",1,0.00184994008406253,0.762201329208183
"chr21",44742501,44742750,250,"*",1,0.00184994008406253,0.762201329208183
"chr21",32994501,32994750,250,"*",1,0.00195563242878699,0.643006775180993
"chr21",43727501,43727750,250,"*",1,0.00203721149950329,0.691481182118639
"chr21",30839251,30839500,250,"*",1,0.00269225784150335,0.818344579878105
"chr21",44444501,44444750,250,"*",1,0.00269225784150335,0.818344579878105
"chr21",45308751,45309000,250,"*",1,0.00269225784150335,0.818344579878105
"chr21",44801751,44802000,250,"*",1,0.00303755653187534,0.620007443858455
"chr21",46325501,46325750,250,"*",1,0.00303755653187534,0.620007443858455
"chr21",40143751,40144000,250,"*",1,0.00329641520102975,0.723037747609615
"chr21",42654501,42654750,250,"*",1,0.00329641520102975,0.723037747609615
"chr21",43269251,43269500,250,"*",1,0.00329641520102975,0.723037747609615
"chr21",44012001,44012250,250,"*",1,0.00329641520102975,0.723037747609615
"chr21",14253251,14253500,250,"*",1,0.00341773271006544,1.0839759163434
"chr21",17554751,17555000,250,"*",1,0.00341773271006544,0.907910569374451
"chr21",21303001,21303250,250,"*",1,0.00341773271006544,0.907910569374451
"chr21",28522001,28522250,250,"*",1,0.00341773271006544,0.907910569374451
"chr21",30962001,30962250,250,"*",1,0.00341773271006544,1.0839759163434
"chr21",32364251,32364500,250,"*",1,0.00341773271006544,1.0839759163434
"chr21",34957751,34958000,250,"*",1,0.00341773271006544,1.0839759163434
"chr21",38251001,38251250,250,"*",1,0.00341773271006544,1.0839759163434
"chr21",42631251,42631500,250,"*",1,0.00341773271006544,1.0839759163434
"chr21",43269001,43269250,250,"*",1,0.00341773271006544,0.907910569374451
"chr21",21163751,21164000,250,"*",1,0.00505862838053486,0.767186221026307
"chr21",41283001,41283250,250,"*",1,0.00505862838053486,0.767186221026307
"chr21",43941751,43942000,250,"*",1,0.00505862838053486,0.767186221026307
"chr21",44295251,44295500,250,"*",1,0.00505862838053486,0.767186221026307
"chr21",14862751,14863000,250,"*",1,0.00519450150054254,0.635835216178532
"chr21",30194751,30195000,250,"*",1,0.00519450150054254,0.635835216178532
"chr21",42117751,42118000,250,"*",1,0.00519450150054254,0.635835216178532
"chr21",14119001,14119250,250,"*",1,0.00548812905242734,0.687981899287827
"chr21",25560251,25560500,250,"*",1,0.00548812905242734,0.687981899287827
"chr21",26169251,26169500,250,"*",1,0.00548812905242734,0.687981899287827
"chr21",20971501,20971750,250,"*",1,0.007198859845027,0.834123303807235
"chr21",29361501,29361750,250,"*",1,0.007198859845027,0.834123303807235
"chr21",30072501,30072750,250,"*",1,0.007198859845027,0.834123303807235
"chr21",30434251,30434500,250,"*",1,0.007198859845027,0.834123303807235
"chr21",36662001,36662250,250,"*",1,0.007198859845027,0.834123303807235
"chr21",38127001,38127250,250,"*",1,0.007198859845027,0.834123303807235
"chr21",39096751,39097000,250,"*",1,0.007198859845027,0.834123303807235
"chr21",42861751,42862000,250,"*",1,0.007198859845027,0.834123303807235
"chr21",44377501,44377750,250,"*",1,0.007198859845027,0.834123303807235
"chr21",17513001,17513250,250,"*",1,0.00743108765901011,1.24648507132053
"chr21",21232501,21232750,250,"*",1,0.00743108765901011,1.24648507132053
"chr21",29115501,29115750,250,"*",1,0.00743108765901011,1.24648507132053
"chr21",31143001,31143250,250,"*",1,0.00743108765901011,1.24648507132053
"chr21",32100251,32100500,250,"*",1,0.00743108765901011,1.24648507132053
"chr21",32360501,32360750,250,"*",1,0.00743108765901011,1.24648507132053
"chr21",41320501,41320750,250,"*",1,0.00743108765901011,1.24648507132053
"chr21",41786501,41786750,250,"*",1,0.00743108765901011,1.24648507132053
"chr21",41932251,41932500,250,"*",1,0.00743108765901011,1.24648507132053
"chr21",45226751,45227000,250,"*",1,0.00743108765901011,1.24648507132053
"chr21",45643251,45643500,250,"*",1,0.00743108765901011,1.24648507132053
"chr21",24896001,24896250,250,"*",1,0.00777303044279855,0.611137352785948
"chr21",45439751,45440000,250,"*",1,0.00777303044279855,0.611137352785948
"chr21",14766251,14766500,250,"*",1,0.00867371208039699,0.951189807473895
"chr21",15553251,15553500,250,"*",1,0.00867371208039699,0.951189807473895
"chr21",17903251,17903500,250,"*",1,0.00867371208039699,0.656253308127004
"chr21",19507751,19508000,250,"*",1,0.00867371208039699,0.656253308127004
"chr21",25801251,25801500,250,"*",1,0.00867371208039699,0.722822872177951
"chr21",25887251,25887500,250,"*",1,0.00867371208039699,0.951189807473895
"chr21",28793251,28793500,250,"*",1,0.00867371208039699,0.951189807473895
"chr21",31558751,31559000,250,"*",1,0.00867371208039699,0.951189807473895
"chr21",32940751,32941000,250,"*",1,0.00867371208039699,0.951189807473895
"chr21",36585251,36585500,250,"*",1,0.00867371208039699,0.722822872177951
"chr21",38172001,38172250,250,"*",1,0.00867371208039699,0.951189807473895
"chr21",38806001,38806250,250,"*",1,0.00867371208039699,0.951189807473895
"chr21",42009501,42009750,250,"*",1,0.00867371208039699,0.656253308127004
"chr21",46153001,46153250,250,"*",1,0.00867371208039699,0.951189807473895
"chr21",46294751,46295000,250,"*",1,0.00867371208039699,0.722822872177951
